{
  "model": {
    "C0": {
      "C": {
        "error": 112845.7877748283,
        "significance": 3.484493136782866e-05,
        "value": 6.310352315117684e-11,
        "value_unit": "F"
      }
    },
    "L0": {
      "L": {
        "error": 9.158243012889091,
        "significance": 0.4293513204037611,
        "value": 2.981400039126004e-08,
        "value_unit": "H"
      }
    },
    "R0": {
      "R": {
        "error": 3.8936405905523044,
        "significance": 0.9739902556775003,
        "value": 0.19581517440963866,
        "value_unit": "Ω"
      }
    }
  },
  "overall": {
    "impedance_error_max": 2.424053979461818,
    "impedance_error_mean": 0.11732945693065952,
    "overall_error": 2.5075537864150697,
    "phase_error_max": 1.8703958558416953,
    "phase_error_mean": 0.08883236076639749
  }
}