{
  "model": {
    "C0": {
      "C": {
        "error": 3249.6616574313744,
        "significance": 0.0007544963576671591,
        "value": 8.517232099775337e-11,
        "value_unit": "F"
      }
    },
    "L0": {
      "L": {
        "error": 103.57825208303387,
        "significance": 0.02367155107248822,
        "value": 2.2089448797439066e-08,
        "value_unit": "H"
      }
    },
    "R0": {
      "R": {
        "error": 2.500055658632027,
        "significance": 0.9807213194302226,
        "value": 2.8751107844861443,
        "value_unit": "Ω"
      }
    }
  },
  "overall": {
    "impedance_error_max": 0.5530211060385071,
    "impedance_error_mean": 0.03120729583702792,
    "overall_error": 0.28164097651612385,
    "phase_error_max": 0.10021119963666299,
    "phase_error_mean": 0.006808186120201765
  }
}