{
  "model": {
    "C0": {
      "C": {
        "error": 1874.7245182197867,
        "significance": 0.0013078321058180586,
        "value": 1.4763711340844046e-10,
        "value_unit": "F"
      }
    },
    "L0": {
      "L": {
        "error": 101.21025288290822,
        "significance": 0.024225064602186944,
        "value": 2.260587955517997e-08,
        "value_unit": "H"
      }
    },
    "R0": {
      "R": {
        "error": 2.5000279828651597,
        "significance": 0.9807189884659661,
        "value": 2.8751134463380557,
        "value_unit": "Ω"
      }
    }
  },
  "overall": {
    "impedance_error_max": 0.5529880814947298,
    "impedance_error_mean": 0.031209344747208847,
    "overall_error": 0.2816543652026368,
    "phase_error_max": 0.10021119556898496,
    "phase_error_mean": 0.006808196618422787
  }
}