{
  "model": {
    "C0": {
      "C": {
        "error": 1.042115166802102,
        "significance": 0.9947736932762365,
        "value": 3.479424824532285e-09,
        "value_unit": "F"
      }
    },
    "L0": {
      "L": {
        "error": 3831.662200346841,
        "significance": 0.0002705532740347177,
        "value": 7.886692679470126e-09,
        "value_unit": "H"
      }
    },
    "R0": {
      "R": {
        "error": 3.4768356270590677,
        "significance": 0.9667162303713603,
        "value": 2441.7192628753874,
        "value_unit": "Ω"
      }
    }
  },
  "overall": {
    "impedance_error_max": 0.3571324671409362,
    "impedance_error_mean": 0.0270784405380261,
    "overall_error": 0.6198898259933908,
    "phase_error_max": 0.46299336183647305,
    "phase_error_mean": 0.022124081085575207
  }
}