{
  "model": {
    "C0": {
      "C": {
        "error": 1.042121302113114,
        "significance": 0.9947735941666177,
        "value": 3.479424410431404e-09,
        "value_unit": "F"
      }
    },
    "L0": {
      "L": {
        "error": 3833.0744370348175,
        "significance": 0.00027045515820000796,
        "value": 7.883834281056606e-09,
        "value_unit": "H"
      }
    },
    "R0": {
      "R": {
        "error": 3.476843953777898,
        "significance": 0.9667162304986062,
        "value": 2441.719055763286,
        "value_unit": "Ω"
      }
    }
  },
  "overall": {
    "impedance_error_max": 0.35713906376085547,
    "impedance_error_mean": 0.027079508615399425,
    "overall_error": 0.6199152746621587,
    "phase_error_max": 0.4629935861510676,
    "phase_error_mean": 0.022123996808454987
  }
}