{
  "model": {
    "C0": {
      "C": {
        "error": 0.9894936369276771,
        "significance": 0.9986219558174667,
        "value": 3.464773116845757e-09,
        "value_unit": "F"
      }
    },
    "L0": {
      "L": {
        "error": 3771.789688254488,
        "significance": 0.00026197910081114385,
        "value": 7.665792954469531e-09,
        "value_unit": "H"
      }
    },
    "R0": {
      "R": {
        "error": 2.9535639772786757,
        "significance": 0.9736102830056999,
        "value": 5738.795681293762,
        "value_unit": "Ω"
      }
    }
  },
  "overall": {
    "impedance_error_max": 0.7279706545350204,
    "impedance_error_mean": 0.03666108855219523,
    "overall_error": 0.6763343880241439,
    "phase_error_max": 0.4826304737508431,
    "phase_error_mean": 0.023479716721439864
  }
}