{
  "model": {
    "C0": {
      "C": {
        "error": 0.9894850079921621,
        "significance": 0.9986220520254373,
        "value": 3.464773669092761e-09,
        "value_unit": "F"
      }
    },
    "L0": {
      "L": {
        "error": 3770.3783556172857,
        "significance": 0.00026207490493822445,
        "value": 7.668595108213934e-09,
        "value_unit": "H"
      }
    },
    "R0": {
      "R": {
        "error": 2.953543055379673,
        "significance": 0.9736102827030021,
        "value": 5738.796868213233,
        "value_unit": "Ω"
      }
    }
  },
  "overall": {
    "impedance_error_max": 0.7279815190271725,
    "impedance_error_mean": 0.03665943475133745,
    "overall_error": 0.67630977140686,
    "phase_error_max": 0.48263022582376885,
    "phase_error_mean": 0.02347987903288304
  }
}