{
  "model": {
    "C0": {
      "C": {
        "error": 7.115815507757163,
        "significance": 0.32942044740046494,
        "value": 3.585687463588366e-09,
        "value_unit": "F"
      }
    },
    "L0": {
      "L": {
        "error": 18769.848464450926,
        "significance": 0.00012488620420266684,
        "value": 3.001180506476514e-09,
        "value_unit": "H"
      }
    },
    "R0": {
      "R": {
        "error": 3.6776945394517924,
        "significance": 0.9659867669754487,
        "value": 135.66707122408334,
        "value_unit": "Ω"
      }
    }
  },
  "overall": {
    "impedance_error_max": 0.4058774653210943,
    "impedance_error_mean": 0.028204996264294444,
    "overall_error": 0.5265584293225958,
    "phase_error_max": 0.3684842852980951,
    "phase_error_mean": 0.018315965883548238
  }
}