{
  "model": {
    "C0": {
      "C": {
        "error": 0.9527313175307905,
        "significance": 0.9999729472399108,
        "value": 3.461836605849166e-09,
        "value_unit": "F"
      }
    },
    "L0": {
      "L": {
        "error": 3702.723773460713,
        "significance": 0.0002572985731065192,
        "value": 7.52865271577419e-09,
        "value_unit": "H"
      }
    },
    "R0": {
      "R": {
        "error": 0.2908174410333701,
        "significance": 0.9981119926630637,
        "value": 8622.126079487121,
        "value_unit": "Ω"
      }
    }
  },
  "overall": {
    "impedance_error_max": 0.4567725947103597,
    "impedance_error_mean": 0.02907924552791398,
    "overall_error": 0.7104166364057356,
    "phase_error_max": 0.5235920292423043,
    "phase_error_mean": 0.025507372428919383
  }
}