{
  "model": {
    "C0": {
      "C": {
        "error": 0.9526338893660218,
        "significance": 0.9999730537597727,
        "value": 3.4618301362769718e-09,
        "value_unit": "F"
      }
    },
    "L0": {
      "L": {
        "error": 3700.8126173809565,
        "significance": 0.0002574051479911311,
        "value": 7.531412585874919e-09,
        "value_unit": "H"
      }
    },
    "R0": {
      "R": {
        "error": 0.2902476358178627,
        "significance": 0.9981119927279699,
        "value": 8622.171177921304,
        "value_unit": "Ω"
      }
    }
  },
  "overall": {
    "impedance_error_max": 0.4564834569880102,
    "impedance_error_mean": 0.029052174592867647,
    "overall_error": 0.7103863928246319,
    "phase_error_max": 0.52358669898468,
    "phase_error_mean": 0.025509401310799623
  }
}