{
  "model": {
    "C0": {
      "C": {
        "error": 36.996893108788846,
        "significance": 0.06630589958367199,
        "value": 2.9175904222159398e-09,
        "value_unit": "F"
      }
    },
    "L0": {
      "L": {
        "error": 5233.625428877455,
        "significance": 0.000468721407887488,
        "value": 1.1366658797958614e-09,
        "value_unit": "H"
      }
    },
    "R0": {
      "R": {
        "error": 2.6787314654875765,
        "significance": 0.9714518229769522,
        "value": 7.476079410090135,
        "value_unit": "Ω"
      }
    }
  },
  "overall": {
    "impedance_error_max": 0.34490569542255467,
    "impedance_error_mean": 0.029934440717933403,
    "overall_error": 0.29826607620504897,
    "phase_error_max": 0.12130661520187856,
    "phase_error_mean": 0.008063991593309096
  }
}