{
  "model": {
    "C0": {
      "C": {
        "error": 1.2988764225899785,
        "significance": 0.9723735762896836,
        "value": 3.4997141470913283e-09,
        "value_unit": "F"
      }
    },
    "L0": {
      "L": {
        "error": 4499.962355167819,
        "significance": 0.0002806674839716668,
        "value": 8.126432720614921e-09,
        "value_unit": "H"
      }
    },
    "R0": {
      "R": {
        "error": 3.692276591232057,
        "significance": 0.9659799774378592,
        "value": 942.0335130105627,
        "value_unit": "Ω"
      }
    }
  },
  "overall": {
    "impedance_error_max": 0.3349198155977577,
    "impedance_error_mean": 0.024948733671818785,
    "overall_error": 0.5609097491673397,
    "phase_error_max": 0.41719552717878916,
    "phase_error_mean": 0.019981447483087975
  }
}