{
  "model": {
    "C0": {
      "C": {
        "error": 1.2988688025184774,
        "significance": 0.9723736824416812,
        "value": 3.49971456724905e-09,
        "value_unit": "F"
      }
    },
    "L0": {
      "L": {
        "error": 4498.320430464836,
        "significance": 0.00028076831342648424,
        "value": 8.129350366129365e-09,
        "value_unit": "H"
      }
    },
    "R0": {
      "R": {
        "error": 3.6922705129521374,
        "significance": 0.9659799774297496,
        "value": 942.0335684990895,
        "value_unit": "Ω"
      }
    }
  },
  "overall": {
    "impedance_error_max": 0.33492030441193155,
    "impedance_error_mean": 0.024947878368266174,
    "overall_error": 0.5608870973652886,
    "phase_error_max": 0.41719510406034577,
    "phase_error_mean": 0.01998152346816881
  }
}