{
  "model": {
    "C0": {
      "C": {
        "error": 15666.749438427323,
        "significance": 0.0001454430899832732,
        "value": 1.063138964926377e-10,
        "value_unit": "F"
      }
    },
    "L0": {
      "L": {
        "error": 10.69410133217319,
        "significance": 0.21307264421212782,
        "value": 3.13960184530422e-08,
        "value_unit": "H"
      }
    },
    "R0": {
      "R": {
        "error": 2.5991312077328472,
        "significance": 0.9790794578233372,
        "value": 0.44896274702131755,
        "value_unit": "Ω"
      }
    }
  },
  "overall": {
    "impedance_error_max": 1.3216018974380208,
    "impedance_error_mean": 0.08892675972940647,
    "overall_error": 1.2740194441375818,
    "phase_error_max": 0.5055501311375105,
    "phase_error_mean": 0.04180540690910275
  }
}