{
  "model": {
    "C0": {
      "C": {
        "error": 27758.023637404218,
        "significance": 8.200309895274368e-05,
        "value": 5.994228909392874e-11,
        "value_unit": "F"
      }
    },
    "L0": {
      "L": {
        "error": 10.685950355077699,
        "significance": 0.21301277691123105,
        "value": 3.138681711334959e-08,
        "value_unit": "H"
      }
    },
    "R0": {
      "R": {
        "error": 2.5965575543148103,
        "significance": 0.9790792591405565,
        "value": 0.44896498084916536,
        "value_unit": "Ω"
      }
    }
  },
  "overall": {
    "impedance_error_max": 1.3191077490835754,
    "impedance_error_mean": 0.08892791306267228,
    "overall_error": 1.2740530259953444,
    "phase_error_max": 0.5052014578907439,
    "phase_error_mean": 0.0418049605165718
  }
}