{
  "model": {
    "C0": {
      "C": {
        "error": 0.9082683061964946,
        "significance": 0.9999999994736887,
        "value": 1.4691895736476512e-10,
        "value_unit": "F"
      }
    },
    "R0": {
      "R": {
        "error": 0.20287188666539244,
        "significance": 0.9997787446201528,
        "value": 99586738.99074729,
        "value_unit": "Ω"
      }
    }
  },
  "overall": {
    "impedance_error_max": 1.1736425025633714,
    "impedance_error_mean": 0.060126369791981146,
    "overall_error": 0.8974159899027004,
    "phase_error_max": 0.5911038180029966,
    "phase_error_mean": 0.030005676414066915
  }
}