{
  "model": {
    "C0": {
      "C": {
        "error": 1.7836430250310278,
        "significance": 0.9999999703589527,
        "value": 1.478386875429157e-10,
        "value_unit": "F"
      }
    },
    "R0": {
      "R": {
        "error": 0.6954919960447208,
        "significance": 0.9991469916693869,
        "value": 98865833.09119938,
        "value_unit": "Ω"
      }
    }
  },
  "overall": {
    "impedance_error_max": 1.3023670096714162,
    "impedance_error_mean": 0.07804198243671522,
    "overall_error": 1.6087237212510115,
    "phase_error_max": 1.1278096655586813,
    "phase_error_mean": 0.05727568870488235
  }
}