{
  "model": {
    "C0": {
      "C": {
        "error": 15.151926309121153,
        "significance": 0.032274504286208844,
        "value": 0.05020110574526214,
        "value_unit": "F"
      }
    },
    "CPE0": {
      "Y_0": {
        "error": 1.055031648230169,
        "significance": 0.2519304540206341,
        "value": 0.6758203649947618,
        "value_unit": "Ss<sup>α</sup>"
      },
      "α": {
        "error": 0.5970910562207303,
        "significance": 0.6845012405311864,
        "value": 0.7366826808067263,
        "value_unit": ""
      }
    },
    "FI0": {
      "W": {
        "error": 0.48845055246742036,
        "significance": 0.6408552251285363,
        "value": 0.04073380256581006,
        "value_unit": "Ωs^(-½)"
      },
      "k": {
        "error": 1.9687457791834184,
        "significance": 0.15899771929695322,
        "value": 0.0013854241183094132,
        "value_unit": "1/s"
      }
    },
    "L0": {
      "L": {
        "error": 2.8396295426843867,
        "significance": 0.6911809622435452,
        "value": 7.940027736136356e-07,
        "value_unit": "H"
      }
    },
    "R0": {
      "R": {
        "error": 1.5977793098280266,
        "significance": 0.07859404364129204,
        "value": 0.0036204263202214014,
        "value_unit": "Ω"
      }
    },
    "R1": {
      "R": {
        "error": 0.529684672149924,
        "significance": 0.9232302468243536,
        "value": 0.026830261706435942,
        "value_unit": "Ω"
      }
    },
    "R2": {
      "R": {
        "error": 0.18918999015755764,
        "significance": 0.4215958599730566,
        "value": 0.035941054916087775,
        "value_unit": "Ω"
      }
    }
  },
  "overall": {
    "impedance_error_max": 1.9436053656746468,
    "impedance_error_mean": 0.14339995178171594,
    "overall_error": 1.1323929422725485,
    "phase_error_max": 0.22001396123330905,
    "phase_error_mean": 0.018250258203149725
  }
}