{
  "model": {
    "C0": {
      "C": {
        "error": 15.44098059798975,
        "significance": 0.03192730475418274,
        "value": 0.050427975478533824,
        "value_unit": "F"
      }
    },
    "CPE0": {
      "Y_0": {
        "error": 1.087551641879118,
        "significance": 0.25228360289195984,
        "value": 0.6807269423436634,
        "value_unit": "Ss<sup>α</sup>"
      },
      "α": {
        "error": 0.6503550701975446,
        "significance": 0.6840733459801145,
        "value": 0.7346967319287198,
        "value_unit": ""
      }
    },
    "FI0": {
      "W": {
        "error": 1.1469737754219291,
        "significance": 0.6399362245197009,
        "value": 0.0405818952639241,
        "value_unit": "Ωs^(-½)"
      },
      "k": {
        "error": 8.224650129319366,
        "significance": 0.22766444342395434,
        "value": 0.001396863053587407,
        "value_unit": "1/s"
      }
    },
    "L0": {
      "L": {
        "error": 2.8164193948022054,
        "significance": 0.6913468052249322,
        "value": 7.940633788866345e-07,
        "value_unit": "H"
      }
    },
    "R0": {
      "R": {
        "error": 1.7578200173290495,
        "significance": 0.07777482592171985,
        "value": 0.0035758090050275002,
        "value_unit": "Ω"
      }
    },
    "R1": {
      "R": {
        "error": 0.5341862671093706,
        "significance": 0.922878261028949,
        "value": 0.026818653294174526,
        "value_unit": "Ω"
      }
    },
    "R2": {
      "R": {
        "error": 0.158812212306861,
        "significance": 0.4224769073930297,
        "value": 0.03605509567573082,
        "value_unit": "Ω"
      }
    }
  },
  "overall": {
    "impedance_error_max": 1.9282963509394475,
    "impedance_error_mean": 0.1720706586762288,
    "overall_error": 1.2935864682259897,
    "phase_error_max": 0.22480314521711275,
    "phase_error_mean": 0.01620849040369062
  }
}