{
  "model": {
    "C0": {
      "C": {
        "error": 7156.554881935554,
        "significance": 0.0004002720978490476,
        "value": 1.1658470810805104e-10,
        "value_unit": "F"
      }
    },
    "L0": {
      "L": {
        "error": 36.03336423024673,
        "significance": 0.07949769046431812,
        "value": 2.8629820467421905e-08,
        "value_unit": "H"
      }
    },
    "R0": {
      "R": {
        "error": 2.9146660165414637,
        "significance": 0.9828121711739991,
        "value": 1.1119596145813757,
        "value_unit": "Ω"
      }
    }
  },
  "overall": {
    "impedance_error_max": 1.343966254601643,
    "impedance_error_mean": 0.0615625677962622,
    "overall_error": 0.705246535331456,
    "phase_error_max": 0.3474382523047013,
    "phase_error_mean": 0.02108704286902495
  }
}