{
  "model": {
    "C0": {
      "C": {
        "error": 12668.654545951535,
        "significance": 0.00022612661909292823,
        "value": 6.58619208737525e-11,
        "value_unit": "F"
      }
    },
    "L0": {
      "L": {
        "error": 36.11601647310431,
        "significance": 0.07931993338926625,
        "value": 2.8566013330604437e-08,
        "value_unit": "H"
      }
    },
    "R0": {
      "R": {
        "error": 2.9148179189791446,
        "significance": 0.9828126835228137,
        "value": 1.1119615254884483,
        "value_unit": "Ω"
      }
    }
  },
  "overall": {
    "impedance_error_max": 1.3442461892809936,
    "impedance_error_mean": 0.061562860318405715,
    "overall_error": 0.7052551745724482,
    "phase_error_max": 0.3472970651075738,
    "phase_error_mean": 0.021086942504819225
  }
}