{
  "model": {
    "C0": {
      "C": {
        "error": 10.732127305136748,
        "significance": 0.26618956181747216,
        "value": 3.6639470107124325e-09,
        "value_unit": "F"
      }
    },
    "L0": {
      "L": {
        "error": 74224.17549110657,
        "significance": 3.343734114799796e-05,
        "value": 4.788810540469503e-10,
        "value_unit": "H"
      }
    },
    "R0": {
      "R": {
        "error": 3.703473646967753,
        "significance": 0.9659900000949097,
        "value": 51.55906227830445,
        "value_unit": "Ω"
      }
    }
  },
  "overall": {
    "impedance_error_max": 0.8205471186481896,
    "impedance_error_mean": 0.05136444708569145,
    "overall_error": 0.7340836570823417,
    "phase_error_max": 0.4037044338378449,
    "phase_error_mean": 0.024069336278513393
  }
}